{"means_y": [[0.971045732498169, 0.9169602394104004, 0.5088481307029724, 0.7563658356666565, 0.2245960235595703, 0.578223705291748, 0.48314857482910156, 0.5468610525131226, 0.5614686608314514, 0.5339191555976868], [0.485679030418396, 0.7253367900848389, 0.8996231555938721, 0.021944403648376465, 0.13624858856201172, 0.4770340323448181, 0.04925942420959473, 0.36967724561691284, 0.7389681935310364, 0.4065132737159729], [0.7630097270011902, 0.25409531593322754, 0.25143522024154663, 0.0916297435760498, 0.33424341678619385, 0.6519887447357178, 0.30949926376342773, 0.7514289617538452, 0.6079402565956116, 0.8883692622184753], [0.5548171401023865, 0.7056787014007568, 0.7571254372596741, 0.6846022605895996, 0.6988734602928162, 0.582012951374054, 0.046744704246520996, 0.7063949108123779, 0.6861382722854614, 0.9501469731330872], [0.5560288429260254, 0.7752238512039185, 0.7723655104637146, 0.22661137580871582, 0.33576905727386475, 0.6498305201530457, 0.5795997977256775, 0.7354486584663391, 0.7431168556213379, 0.767212986946106], [0.6972821354866028, 0.5047881007194519, 0.5771405696868896, 0.8947921991348267, 0.7884505987167358, 0.059647440910339355, 0.31816136837005615, 0.6107561588287354, 0.15452969074249268, 0.5917495489120483], [0.2146328091621399, 0.9898916482925415, 0.6315800547599792, 0.756076455116272, 0.04361832141876221, 0.010723412036895752, 0.03318506479263306, 0.704234778881073, 0.5514163374900818, 0.6442765593528748], [0.3001214861869812, 0.723343014717102, 0.775813102722168, 0.38240528106689453, 0.6890609264373779, 0.9507173895835876, 0.7375726103782654, 0.6894804835319519, 0.6110582947731018, 0.5965459942817688], [0.2593236565589905, 0.6266769766807556, 0.73159259557724, 0.6977049708366394, 0.6081690192222595, 0.7641772031784058, 0.10831934213638306, 0.314667284488678, 0.9531331658363342, 0.8387375473976135]], "stds_y": [[0.004213452339172363], [0.5709450840950012], [0.30906981229782104], [0.9650476574897766], [0.8001683354377747], [0.3098856210708618], [0.41014355421066284], [0.5090674757957458], [0.40193426609039307], [0.4045596718788147]]}